[{"specVersion":2,"dir":"/data/sandcastle/boxes/trunk-hg-fbcode-fbsource/xplat/flipper-public/desktop/plugins/cpu","name":"flipper-plugin-device-cpu","version":"0.56.0","main":"dist/bundle.js","entry":"/data/sandcastle/boxes/trunk-hg-fbcode-fbsource/xplat/flipper-public/desktop/plugins/cpu/dist/bundle.js","source":"index.tsx","isDefault":true,"id":"DeviceCPU","icon":"underline","title":"CPU","bugs":{"email":"barney@fb.com"}},{"specVersion":2,"dir":"/data/sandcastle/boxes/trunk-hg-fbcode-fbsource/xplat/flipper-public/desktop/plugins/crash_reporter","name":"flipper-plugin-crash-reporter","version":"0.56.0","main":"dist/bundle.js","entry":"/data/sandcastle/boxes/trunk-hg-fbcode-fbsource/xplat/flipper-public/desktop/plugins/crash_reporter/dist/bundle.js","source":"index.tsx","isDefault":true,"id":"CrashReporter","title":"Crash Reporter","description":"A plugin which will display a crash","bugs":{"email":"prit91@fb.com","url":"https://fb.workplace.com/groups/220760072184928/"}},{"specVersion":2,"dir":"/data/sandcastle/boxes/trunk-hg-fbcode-fbsource/xplat/flipper-public/desktop/plugins/databases","name":"flipper-plugin-databases","version":"0.56.0","main":"dist/bundle.js","entry":"/data/sandcastle/boxes/trunk-hg-fbcode-fbsource/xplat/flipper-public/desktop/plugins/databases/dist/bundle.js","source":"index.tsx","isDefault":true,"id":"Databases","icon":"internet","title":"Databases","bugs":{"email":"oncall+flipper@xmail.facebook.com","url":"https://fb.workplace.com/groups/flippersupport/"}},{"specVersion":2,"dir":"/data/sandcastle/boxes/trunk-hg-fbcode-fbsource/xplat/flipper-public/desktop/plugins/example","name":"flipper-plugin-example","version":"0.56.0","main":"dist/bundle.js","entry":"/data/sandcastle/boxes/trunk-hg-fbcode-fbsource/xplat/flipper-public/desktop/plugins/example/dist/bundle.js","source":"index.tsx","isDefault":true,"id":"flipper-plugin-example","icon":"apps","title":"Example Plugin","description":"An example for a Flipper plugin","bugs":{"url":"https://fbflipper.com/"}},{"specVersion":2,"dir":"/data/sandcastle/boxes/trunk-hg-fbcode-fbsource/xplat/flipper-public/desktop/plugins/flipper-messages","name":"flipper-plugin-flipper-messages","version":"0.56.0","main":"dist/bundle.js","entry":"/data/sandcastle/boxes/trunk-hg-fbcode-fbsource/xplat/flipper-public/desktop/plugins/flipper-messages/dist/bundle.js","source":"index.tsx","isDefault":true,"id":"flipper-messages","icon":"bird","title":"Flipper Messages","description":"Flipper self inspection: Messages to and from client","bugs":{"url":"https://fbflipper.com/"}},{"specVersion":2,"dir":"/data/sandcastle/boxes/trunk-hg-fbcode-fbsource/xplat/flipper-public/desktop/plugins/fresco","name":"flipper-plugin-fresco","version":"0.56.0","main":"dist/bundle.js","entry":"/data/sandcastle/boxes/trunk-hg-fbcode-fbsource/xplat/flipper-public/desktop/plugins/fresco/dist/bundle.js","source":"index.tsx","isDefault":true,"id":"Fresco","icon":"profile","title":"Images","bugs":{"email":"oncall+fresco@xmail.facebook.com"}},{"specVersion":2,"dir":"/data/sandcastle/boxes/trunk-hg-fbcode-fbsource/xplat/flipper-public/desktop/plugins/hermesdebuggerrn","name":"flipper-plugin-hermesdebuggerrn","version":"0.56.0","main":"dist/bundle.js","entry":"/data/sandcastle/boxes/trunk-hg-fbcode-fbsource/xplat/flipper-public/desktop/plugins/hermesdebuggerrn/dist/bundle.js","source":"index.tsx","isDefault":true,"id":"Hermesdebuggerrn","icon":"code","title":"Hermes Debugger (RN)","bugs":{"email":"rickhanlonii@fb.com"}},{"specVersion":2,"dir":"/data/sandcastle/boxes/trunk-hg-fbcode-fbsource/xplat/flipper-public/desktop/plugins/kaios-allocations","name":"flipper-plugin-kaios-big-allocations","version":"0.56.0","main":"dist/bundle.js","entry":"/data/sandcastle/boxes/trunk-hg-fbcode-fbsource/xplat/flipper-public/desktop/plugins/kaios-allocations/dist/bundle.js","source":"index.tsx","isDefault":true,"id":"kaios-big-allocations","icon":"apps","title":"KaiOS: big allocations","bugs":{"email":"oncall+wa_kaios@xmail.facebook.com","url":"https://fb.workplace.com/groups/wa.kaios/"}},{"specVersion":2,"dir":"/data/sandcastle/boxes/trunk-hg-fbcode-fbsource/xplat/flipper-public/desktop/plugins/kaios-ram","name":"flipper-plugin-kaios-graphs","version":"0.56.0","main":"dist/bundle.js","entry":"/data/sandcastle/boxes/trunk-hg-fbcode-fbsource/xplat/flipper-public/desktop/plugins/kaios-ram/dist/bundle.js","source":"index.tsx","isDefault":true,"id":"kaios-graphs","icon":"apps","title":"KaiOS RAM graph","bugs":{"email":"oncall+wa_kaios@xmail.facebook.com","url":"https://fb.workplace.com/groups/wa.kaios/"}},{"specVersion":2,"dir":"/data/sandcastle/boxes/trunk-hg-fbcode-fbsource/xplat/flipper-public/desktop/plugins/layout","name":"flipper-plugin-inspector","version":"0.56.0","main":"dist/bundle.js","entry":"/data/sandcastle/boxes/trunk-hg-fbcode-fbsource/xplat/flipper-public/desktop/plugins/layout/dist/bundle.js","source":"index.tsx","isDefault":true,"id":"Inspector","icon":"target","title":"Layout","bugs":{"email":"oncall+flipper@xmail.facebook.com","url":"https://fb.workplace.com/groups/flippersupport/"}},{"specVersion":2,"dir":"/data/sandcastle/boxes/trunk-hg-fbcode-fbsource/xplat/flipper-public/desktop/plugins/leak_canary","name":"flipper-plugin-leak-canary","version":"0.56.0","main":"dist/bundle.js","entry":"/data/sandcastle/boxes/trunk-hg-fbcode-fbsource/xplat/flipper-public/desktop/plugins/leak_canary/dist/bundle.js","source":"index.tsx","isDefault":true,"id":"LeakCanary","icon":"bird","title":"LeakCanary","bugs":{"email":"jhli@fb.com"}},{"specVersion":2,"dir":"/data/sandcastle/boxes/trunk-hg-fbcode-fbsource/xplat/flipper-public/desktop/plugins/logs","name":"flipper-plugin-device-logs","version":"0.56.0","main":"dist/bundle.js","entry":"/data/sandcastle/boxes/trunk-hg-fbcode-fbsource/xplat/flipper-public/desktop/plugins/logs/dist/bundle.js","source":"index.tsx","isDefault":true,"id":"DeviceLogs","icon":"arrow-right","title":"Logs","bugs":{"email":"oncall+flipper@xmail.facebook.com","url":"https://fb.workplace.com/groups/flippersupport/"},"flipperSDKVersion":"0.56.0"},{"specVersion":2,"dir":"/data/sandcastle/boxes/trunk-hg-fbcode-fbsource/xplat/flipper-public/desktop/plugins/navigation","name":"flipper-plugin-navigation","version":"0.56.0","main":"dist/bundle.js","entry":"/data/sandcastle/boxes/trunk-hg-fbcode-fbsource/xplat/flipper-public/desktop/plugins/navigation/dist/bundle.js","source":"index.tsx","isDefault":true,"id":"Navigation","icon":"directions","title":"Navigation","bugs":{"email":"beneloca@fb.com"}},{"specVersion":2,"dir":"/data/sandcastle/boxes/trunk-hg-fbcode-fbsource/xplat/flipper-public/desktop/plugins/network","name":"flipper-plugin-network","version":"0.56.0","main":"dist/bundle.js","entry":"/data/sandcastle/boxes/trunk-hg-fbcode-fbsource/xplat/flipper-public/desktop/plugins/network/dist/bundle.js","source":"index.tsx","isDefault":true,"id":"Network","icon":"internet","title":"Network","description":"Use the Network inspector to inspect outgoing network traffic in your apps.","bugs":{"email":"oncall+flipper@xmail.facebook.com","url":"https://fb.workplace.com/groups/flippersupport/"}},{"specVersion":2,"dir":"/data/sandcastle/boxes/trunk-hg-fbcode-fbsource/xplat/flipper-public/desktop/plugins/reactdevtools","name":"flipper-plugin-react-devtools","version":"0.56.0","main":"dist/bundle.js","entry":"/data/sandcastle/boxes/trunk-hg-fbcode-fbsource/xplat/flipper-public/desktop/plugins/reactdevtools/dist/bundle.js","source":"index.tsx","isDefault":true,"id":"React","icon":"app-react","title":"React DevTools","bugs":{"email":"danielbuechele@fb.com"}},{"specVersion":2,"dir":"/data/sandcastle/boxes/trunk-hg-fbcode-fbsource/xplat/flipper-public/desktop/plugins/rn-tic-tac-toe","name":"flipper-plugin-react-native-tic-tac-toe","version":"0.56.0","main":"dist/bundle.js","entry":"/data/sandcastle/boxes/trunk-hg-fbcode-fbsource/xplat/flipper-public/desktop/plugins/rn-tic-tac-toe/dist/bundle.js","source":"index.tsx","isDefault":true,"id":"ReactNativeTicTacToe","icon":"apps","title":"React Native Tic Tac Toe","category":"Examples","bugs":{"email":"mweststrate@fb.com"}},{"specVersion":2,"dir":"/data/sandcastle/boxes/trunk-hg-fbcode-fbsource/xplat/flipper-public/desktop/plugins/sandbox","name":"flipper-plugin-sandbox","version":"0.56.0","main":"dist/bundle.js","entry":"/data/sandcastle/boxes/trunk-hg-fbcode-fbsource/xplat/flipper-public/desktop/plugins/sandbox/dist/bundle.js","source":"index.tsx","isDefault":true,"id":"Sandbox","icon":"translate","title":"Sandbox","bugs":{"email":"edoardo@fb.com"}},{"specVersion":2,"dir":"/data/sandcastle/boxes/trunk-hg-fbcode-fbsource/xplat/flipper-public/desktop/plugins/seamammals","name":"flipper-plugin-sea-mammals","version":"0.56.0","main":"dist/bundle.js","entry":"/data/sandcastle/boxes/trunk-hg-fbcode-fbsource/xplat/flipper-public/desktop/plugins/seamammals/dist/bundle.js","source":"src/index.tsx","isDefault":true,"id":"sea-mammals","icon":"apps","title":"Sea Mammals","category":"Example Plugin","bugs":{"email":"realpassy@fb.com"},"flipperSDKVersion":"0.56.0"},{"specVersion":2,"dir":"/data/sandcastle/boxes/trunk-hg-fbcode-fbsource/xplat/flipper-public/desktop/plugins/sections","name":"flipper-plugin-sections","version":"0.56.0","main":"dist/bundle.js","entry":"/data/sandcastle/boxes/trunk-hg-fbcode-fbsource/xplat/flipper-public/desktop/plugins/sections/dist/bundle.js","source":"src/index.tsx","isDefault":true,"id":"Sections","gatekeeper":"flipper_sections_plugin","icon":"tree","title":"Sections","bugs":{"email":"oncall+ios_componentkit@xmail.facebook.com","url":"https://fb.workplace.com/groups/componentkit/"},"flipperSDKVersion":"0.56.0"},{"specVersion":2,"dir":"/data/sandcastle/boxes/trunk-hg-fbcode-fbsource/xplat/flipper-public/desktop/plugins/shared_preferences","name":"flipper-plugin-preferences","version":"0.56.0","main":"dist/bundle.js","entry":"/data/sandcastle/boxes/trunk-hg-fbcode-fbsource/xplat/flipper-public/desktop/plugins/shared_preferences/dist/bundle.js","source":"index.js","isDefault":true,"id":"Preferences","title":"Shared Preferences Viewer","bugs":{"email":"halsibai@fb.com"}}]
